Button,URL,Question,Date,Time,Response_Preview
add_webtext,https://finance.yahoo.com/?guccounter=1,"Added web content: Yahoo Finance
Yahoo ...",2025-05-17,17:39:29,N/A
add_url,https://finance.yahoo.com/,Added preferred URL: https://finance.yahoo.com/,2025-05-17,17:45:40,N/A
add_webtext,https://www.cnbc.com/2023/12/19/gpt-and-other-ai-models-cant-analyze-an-sec-filing-researchers-find.html,"Added web content: SKIP NAVIGATION
MARK...",2025-05-17,17:55:16,N/A
add_webtext,https://finance.yahoo.com/,"Added web content: Yahoo Finance
Yahoo ...",2025-05-29,22:48:13,N/A
Ask,https://finance.yahoo.com/,What are some big news today?,2025-05-29,22:48:25,N/A
chat,,What are some big news today?,2025-05-29,22:48:42,"Here are some of today’s top financial headlines:
"
Ask,https://finance.yahoo.com/,Provide an advanced equation related to stock trading or option / future trading and explain the equation,2025-05-29,22:49:16,N/A
chat,,Provide an advanced equation related to stock trading or option / future trading and explain the equation,2025-05-29,22:49:30,Below is one of the cornerstones of modern option‐
Ask,https://finance.yahoo.com/,What are some news today?,2025-06-07,14:57:59,N/A
chat,,What are some news today?,2025-06-07,14:58:05,Here are some of the key news highlights from toda
Ask,https://finance.yahoo.com/,How are the stocks doing?,2025-06-07,14:58:34,N/A
chat,,How are the stocks doing?,2025-06-07,14:58:38,"As of the most recent data:

- S&P 500: 6,000.36 ("
Ask,https://finance.yahoo.com/,Are there any notable finance-related news?,2025-06-07,14:59:19,N/A
chat,,Are there any notable finance-related news?,2025-06-07,14:59:23,"Yes, here are some notable finance-related news hi"
Ask,https://finance.yahoo.com/,What are the stocks today?,2025-06-07,15:14:04,N/A
chat,,What are the stocks today?,2025-06-07,15:14:09,"Based on the market data shown, here are some key "
Ask,https://finance.yahoo.com/,What does GOP mean in the context of this website?,2025-06-07,15:14:43,N/A
chat,,What does GOP mean in the context of this website?,2025-06-07,15:15:02,Based **solely on the context provided** in the Ya
Ask,https://finance.yahoo.com/,Use hello tool,2025-06-07,16:36:10,N/A
Ask,https://finance.yahoo.com/,use greet tool,2025-06-07,17:12:24,N/A
mcp_chat,,use greet tool,2025-06-07,17:47:06,"It appears you are asking about a ""greet tool,"" bu"
