Button,URL,Question
Ask,https://finance.yahoo.com/,Summarize this page
Advanced Ask,https://finance.yahoo.com/,Explain the term of custom tags in XBRL in concise language.
Ask,https://finance.yahoo.com/,Summarize this page and list some stock prices
Ask,https://finance.yahoo.com/,Summarize the given information
Advanced Ask,https://finance.yahoo.com/,Explain the efficient market hypothesis
Advanced Ask,https://finance.yahoo.com/,Explain the Product model of the common domain model in detail.
Advanced Ask,https://finance.yahoo.com/,Explain the product model in the common domain model with the provided context.
Advanced Ask,https://finance.yahoo.com/,Explain the product model in common domain model with the provided information.
Advanced Ask,https://finance.yahoo.com/,Organize the explanation into clean keypoints.
Ask,https://finance.yahoo.com/?guccounter=1&guce_referrer=aHR0cHM6Ly93d3cuZ29vZ2xlLmNvbS8&guce_referrer_sig=AQAAAMmeMyeawiZo-nUW0inH5iEWrkDRCRf7GLM8g9hcaVBpIi_5pbZfU7xL4Cc-wYNFByz0rcyhcarV2pO1jVO1anzC-z0N8k0gitXf062wuE5tZo6bW98kBy9x8EYz8OYCE3RGvgFRmnOMvMcWGU7V8eQg3_le90fS60-KzOq_aJLr,Hello
Ask,https://finance.yahoo.com/?guccounter=1&guce_referrer=aHR0cHM6Ly93d3cuZ29vZ2xlLmNvbS8&guce_referrer_sig=AQAAAMmeMyeawiZo-nUW0inH5iEWrkDRCRf7GLM8g9hcaVBpIi_5pbZfU7xL4Cc-wYNFByz0rcyhcarV2pO1jVO1anzC-z0N8k0gitXf062wuE5tZo6bW98kBy9x8EYz8OYCE3RGvgFRmnOMvMcWGU7V8eQg3_le90fS60-KzOq_aJLr,List todays stock prices
Ask,https://finance.yahoo.com/?guccounter=1&guce_referrer=aHR0cHM6Ly93d3cuZ29vZ2xlLmNvbS8&guce_referrer_sig=AQAAAFGuGw6fhqMjLnDg8yyOqExI55kGJEvToj0HVV9fAXNrah2tPhf_mOT3V0vFYWrANWehZtrAukl6rEl8lyeHA3gveiavuo2XeHZWHjnjAaA6n2BdhRp6A8OhsolVI_-qYUOpkytnKAO13vaYZB5uklAX2wGKGW4yvKjw1XXSWloD,List today's stock prices
Ask,https://finance.yahoo.com/?guccounter=1&guce_referrer=aHR0cHM6Ly93d3cuZ29vZ2xlLmNvbS8&guce_referrer_sig=AQAAAFGuGw6fhqMjLnDg8yyOqExI55kGJEvToj0HVV9fAXNrah2tPhf_mOT3V0vFYWrANWehZtrAukl6rEl8lyeHA3gveiavuo2XeHZWHjnjAaA6n2BdhRp6A8OhsolVI_-qYUOpkytnKAO13vaYZB5uklAX2wGKGW4yvKjw1XXSWloD,List the stock prices
Advanced Ask,https://finance.yahoo.com/?guccounter=1,Explain product model in CDM in detail
Advanced Ask,https://finance.yahoo.com/?guccounter=1,Explain the product model of CDM in detail.
Advanced Ask,https://finance.yahoo.com/?guccounter=1,Explain the product model in CDM in detail.
Advanced Ask,https://finance.yahoo.com/,Explain the product model in CDM in detail.
Advanced Ask,https://finance.yahoo.com/,What is ContractualProduct in CDM? Explain in detail.
Advanced Ask,https://finance.yahoo.com/,List all DataMath functions included in CDM.
Advanced Ask,https://cdm.finos.org/,Explain the world of CDM in length!
Ask,https://cdm.finos.org/,Except the product model what other models are in CDM?
Ask,https://cdm.finos.org/,What are some important components of the product model?
Ask,https://finance.yahoo.com/?guccounter=1,List today's stock prices and analyze the general trend
Ask,https://mathcup.com/problemsetmain#!/foundation,What is math Up?
Ask,https://mathcup.com/problemsetmain#!/foundation,What is Math Cup?
Ask,https://mathcup.com/problemsetmain#!/probset/4459,Evaluate   41000 �� 200  .
Ask,https://mathcup.com/problemsetmain#!/foundation,What is AMC 10 and AMC 12?
Ask,https://mathcup.com/problemsetmain#!/foundation,"Come up with a fancy set of vocabularies for ""math"""
Ask,https://mathcup.com/problemsetmain#!/foundation,Solve a^2 - b^2 = 2025
Ask,https://mathcup.com/problemsetmain#!/foundation,Introduce yourself!
Ask,https://mathcup.com/,What's a^2 - b^2 = 2025
Ask,https://mathcup.com/,Solve a^2 - b^2 = 2025
Ask,https://finance.yahoo.com/?guccounter=1,Hows todays stock?
Ask,https://finance.yahoo.com/,What are some big news today?
Ask,https://finance.yahoo.com/,What are some big news today
Ask,https://finance.yahoo.com/,How are the stocks doing today?
Ask,https://finance.yahoo.com/,How are the stocks today?
Ask,https://www.cnbc.com/2025/03/21/elon-musk-tells-tesla-employees-hang-onto-your-stock-in-all-hands.html,What are some key findings related to Tesla's stock?
Ask,https://www.cnbc.com/2025/03/21/elon-musk-tells-tesla-employees-hang-onto-your-stock-in-all-hands.html,"Based on this article, what are some key findings related to Tesla's stock?"
Advanced Ask,https://finance.yahoo.com/?guccounter=1,How is Tesla doing these couple days?
Advanced Ask,https://finance.yahoo.com/?guccounter=1,"Based on the information provided, how is Tesla doing these several days?"
Advanced Ask,https://finance.yahoo.com/?guccounter=1,"According to recent sources, how is Tesla doing?"
Advanced Ask,https://finance.yahoo.com/?guccounter=1,How is Tesla doing these several days?
add_webtext,https://www.bloomberg.com/,"Added web content: Skip to content
Bloo...",2025-04-09,20:54:20,N/A
add_webtext,https://www.bloomberg.com/,"Added web content: Skip to content
The ...",2025-04-09,20:54:39,N/A
add_webtext,https://www.bloomberg.com/,"Added web content: Bloomberg
Need help?...",2025-04-09,20:57:01,N/A
add_webtext,https://finance.yahoo.com/?guccounter=1,Added web content: Get personalized new...,2025-04-09,20:57:07,N/A
add_webtext,https://finance.yahoo.com/?guccounter=1,"Added web content: Yahoo Finance
Yahoo ...",2025-04-09,20:57:54,N/A
